{
  "acceptance_passed": true,
  "capture": {
    "pixel_metrics": {
      "bottom": {
        "bright_coverage": 0.230365296803653,
        "effective_coverage": 0.606506849315068,
        "mean_luminance": 0.113660622408194,
        "non_black_coverage": 1.0,
        "sample_count": 35040,
        "sampled_rect": {
          "height": 292,
          "width": 1920,
          "x": 0,
          "y": 788
        }
      },
      "canvas_to_pixel_scale": {
        "x": 1.12543964385986,
        "y": 1.125
      },
      "logical_canvas_size": {
        "x": 1706.0,
        "y": 960.0
      },
      "node_regions": {
        "HandRack": {
          "bright_coverage": 0.0538097287989669,
          "effective_coverage": 0.921079064428182,
          "mean_luminance": 0.081844168823819,
          "non_black_coverage": 1.0,
          "sample_count": 13938,
          "sampled_rect": {
            "height": 183,
            "width": 1212,
            "x": 326,
            "y": 874
          }
        },
        "MainActionDock": {
          "bright_coverage": 0.730485232067511,
          "effective_coverage": 0.771097046413502,
          "mean_luminance": 0.22825019129495,
          "non_black_coverage": 1.0,
          "sample_count": 1896,
          "sampled_rect": {
            "height": 96,
            "width": 316,
            "x": 1564,
            "y": 961
          }
        },
        "PlayerBoard": {
          "bright_coverage": 0.226628313129238,
          "effective_coverage": 0.678035750975961,
          "mean_luminance": 0.118790408633241,
          "non_black_coverage": 1.0,
          "sample_count": 29202,
          "sampled_rect": {
            "height": 247,
            "width": 1884,
            "x": 18,
            "y": 828
          }
        },
        "TopBar": {
          "bright_coverage": 0.0761972163246049,
          "effective_coverage": 0.0669969332389715,
          "mean_luminance": 0.110574615689301,
          "non_black_coverage": 1.0,
          "sample_count": 8478,
          "sampled_rect": {
            "height": 71,
            "width": 1884,
            "x": 18,
            "y": 5
          }
        }
      },
      "sample_stride_pixels": 4,
      "top": {
        "bright_coverage": 0.0943655303030303,
        "effective_coverage": 0.089157196969697,
        "mean_luminance": 0.0993900600247371,
        "non_black_coverage": 1.0,
        "sample_count": 21120,
        "sampled_rect": {
          "height": 173,
          "width": 1920,
          "x": 0,
          "y": 0
        }
      },
      "whole": {
        "bright_coverage": 0.274135802469136,
        "effective_coverage": 0.389799382716049,
        "mean_luminance": 0.126237556434896,
        "non_black_coverage": 1.0,
        "sample_count": 129600,
        "sampled_rect": {
          "height": 1080,
          "width": 1920,
          "x": 0,
          "y": 0
        }
      }
    },
    "resource_path": "res://reports/ui/production_acceptance/e_1280_table_readability_v2/after_clear_table_1920x1080.png",
    "saved": true,
    "sha256": "1847890e7cc6853024b4fd311e14f0ca453a136ba2654a8ba58488922b07f2fc"
  },
  "economy_scroll_reproduction_gate": {},
  "evidence_phase": "after",
  "expectation_met": true,
  "expected_status": "GREEN",
  "infrastructure_failures": [],
  "layout_passed": true,
  "logical_canvas_size": {
    "x": 1706.0,
    "y": 960.0
  },
  "machine_id_candidates": [],
  "machine_id_gate_passed": true,
  "pixel_gate": {
    "failure_reasons": [],
    "passed": true
  },
  "resolution": {
    "x": 1920,
    "y": 1080
  },
  "save_isolation": {
    "player_default_after": {
      "exists": false,
      "modified_unix": 0,
      "sha256": "",
      "size_bytes": 0
    },
    "player_default_before": {
      "exists": false,
      "modified_unix": 0,
      "sha256": "",
      "size_bytes": 0
    },
    "player_default_save_path": "user://space_syndicate_current_run.save",
    "player_default_unchanged": true,
    "qa_artifacts_after_cleanup": [],
    "qa_save_path": "user://test_runs/e_1280_table_readability_v2.save"
  },
  "save_operation_before_tree": {
    "captures_business_state": false,
    "configured": false,
    "currency_scale": 100,
    "default_save_path": "user://test_runs/e_1280_table_readability_v2.save",
    "explicit_path_required": false,
    "format": "space_syndicate_json",
    "last_error_code": 0,
    "last_operation": "idle",
    "last_path": "",
    "last_reason_code": "idle",
    "operation_sequence": 0,
    "operation_state": "clean",
    "qa_save_path_override_active": true,
    "qa_save_root": "user://test_runs/",
    "ruleset_id": "v0.6",
    "save_version": 3
  },
  "scene": "res://scenes/main.tscn",
  "scene_gate": {
    "all_overlap_pair_count": 0,
    "core_table_failures": [],
    "core_table_passed": true,
    "district_overlap_pair_count": 0,
    "hard_overlap_pair_count": 0,
    "logical_canvas_rect": {
      "height": 960.0,
      "width": 1706.0,
      "x": 0.0,
      "y": 0.0
    },
    "map_components": [
      {
        "component": "PlanetDistrictNode",
        "debug": {
          "compact": false,
          "index": 0,
          "kind": "district",
          "name": "东京湾"
        },
        "inside_logical_canvas": true,
        "name": "PlanetDistrictNode_00",
        "path": "/root/Main/RuntimeGameScreen/SafeArea/MainRows/TableArea/PlanetBoard/PlanetRows/PlanetStageViewport/MapHost/PlanetMapView/DistrictLayer/PlanetDistrictNode_00",
        "rect": {
          "height": 101.0,
          "width": 128.0,
          "x": 433.58,
          "y": 410.41
        }
      },
      {
        "component": "PlanetDistrictNode",
        "debug": {
          "compact": true,
          "index": 1,
          "kind": "district",
          "name": "珊瑚环礁"
        },
        "inside_logical_canvas": true,
        "name": "PlanetDistrictNode_01",
        "path": "/root/Main/RuntimeGameScreen/SafeArea/MainRows/TableArea/PlanetBoard/PlanetRows/PlanetStageViewport/MapHost/PlanetMapView/DistrictLayer/PlanetDistrictNode_01",
        "rect": {
          "height": 28.0,
          "width": 92.0,
          "x": 748.92,
          "y": 323.64
        }
      },
      {
        "component": "PlanetDistrictNode",
        "debug": {
          "compact": true,
          "index": 2,
          "kind": "district",
          "name": "旧城区"
        },
        "inside_logical_canvas": true,
        "name": "PlanetDistrictNode_02",
        "path": "/root/Main/RuntimeGameScreen/SafeArea/MainRows/TableArea/PlanetBoard/PlanetRows/PlanetStageViewport/MapHost/PlanetMapView/DistrictLayer/PlanetDistrictNode_02",
        "rect": {
          "height": 28.0,
          "width": 92.0,
          "x": 803.54,
          "y": 444.8
        }
      },
      {
        "component": "PlanetDistrictNode",
        "debug": {
          "compact": true,
          "index": 3,
          "kind": "district",
          "name": "港口"
        },
        "inside_logical_canvas": true,
        "name": "PlanetDistrictNode_03",
        "path": "/root/Main/RuntimeGameScreen/SafeArea/MainRows/TableArea/PlanetBoard/PlanetRows/PlanetStageViewport/MapHost/PlanetMapView/DistrictLayer/PlanetDistrictNode_03",
        "rect": {
          "height": 28.0,
          "width": 92.0,
          "x": 670.23,
          "y": 658.53
        }
      },
      {
        "component": "PlanetDistrictNode",
        "debug": {
          "compact": true,
          "index": 4,
          "kind": "district",
          "name": "远洋航门"
        },
        "inside_logical_canvas": true,
        "name": "PlanetDistrictNode_04",
        "path": "/root/Main/RuntimeGameScreen/SafeArea/MainRows/TableArea/PlanetBoard/PlanetRows/PlanetStageViewport/MapHost/PlanetMapView/DistrictLayer/PlanetDistrictNode_04",
        "rect": {
          "height": 28.0,
          "width": 92.0,
          "x": 675.25,
          "y": 697.0
        }
      },
      {
        "component": "PlanetDistrictNode",